label,image_count,avg_width,avg_height
foot-and-mouth,746,740.9276139410188,682.1823056300268
healthy,1291,358.20759101471725,324.30209140201396
lumpy,1207,546.3786246893123,527.3943661971831
